Job Title,Description,IT Skills,Soft Skills
Software Engineer,Develop and maintain web applications using modern technologies,"Python,JavaScript,React,Node.js,SQL","Communication,Problem Solving,Teamwork"
Software Engineer,Build scalable software solutions for enterprise clients,"Java,Spring,SQL,Docker,Git","Leadership,Problem Solving,Communication"
Software Engineer,Create microservices and cloud-native applications,"Python,Go,AWS,Kubernetes,Docker","Critical Thinking,Adaptability,Teamwork"
Data Scientist,Analyze data and build machine learning models,"Python,R,SQL,Machine Learning,TensorFlow","Analytical Thinking,Research,Attention to Detail"
Data Scientist,Develop predictive models and analyze complex datasets,"Python,Pandas,Scikit-learn,SQL,Spark","Data Analysis,Problem Solving,Communication"
Data Scientist,Create ML models for business insights,"Python,TensorFlow,PyTorch,SQL,Statistics","Research,Mathematical Skills,Teamwork"
Full Stack Developer,Build end-to-end web applications,"JavaScript,Python,React,Node.js,MongoDB","Teamwork,Time Management,Communication"
Full Stack Developer,Develop responsive web applications,"JavaScript,TypeScript,Angular,Node.js,SQL","Problem Solving,Organization,Communication"
Full Stack Developer,Create modern web solutions,"JavaScript,Vue.js,Python,Django,PostgreSQL","Adaptability,Technical Skills,Collaboration"
DevOps Engineer,Manage cloud infrastructure and CI/CD pipelines,"AWS,Docker,Kubernetes,Jenkins,Linux","Problem Solving,Organization,Collaboration"
DevOps Engineer,Implement and maintain CI/CD workflows,"Azure,Terraform,Docker,Ansible,Linux","Communication,Automation Skills,Teamwork"
DevOps Engineer,Automate deployment processes,"GCP,Docker,Kubernetes,GitLab,Python","Infrastructure Design,Troubleshooting,Leadership"
ML Engineer,Develop and deploy machine learning models,"Python,TensorFlow,PyTorch,SQL","Critical Thinking,Research,Communication"
ML Engineer,Build and optimize ML models,"Python,Keras,Scikit-learn,MLflow","Algorithm Design,Problem Solving,Teamwork"
ML Engineer,Create AI solutions for business problems,"Python,TensorFlow,PyTorch,Kubernetes","Research,Mathematical Skills,Communication"
Frontend Developer,Create responsive web interfaces,"HTML,CSS,JavaScript,React","Creativity,Attention to Detail,Teamwork"
Frontend Developer,Build modern web applications,"TypeScript,React,Redux,SASS","UI/UX Skills,Communication,Organization"
Frontend Developer,Develop user-friendly interfaces,"JavaScript,Vue.js,CSS,Webpack","Design Skills,Problem Solving,Teamwork"
Backend Developer,Design and implement server-side applications,"Python,Java,Node.js,SQL","Problem Solving,Communication,Organization"
Backend Developer,Build scalable APIs and services,"Go,gRPC,PostgreSQL,Redis","System Design,Technical Skills,Teamwork"
Backend Developer,Create microservices architecture,"Java,Spring Boot,MongoDB,RabbitMQ","Architecture Design,Communication,Leadership"
